Chinese,Pinyin,English,Category,Tier,Latin,Alt_script
麻黃,Má Huáng,"ephedra - Induces sweating, releases the exterior",jiebiao,1,Ephedrae Herba,麻黄
桂枝,Guì Zhī,"cinnamon twig - Releases the muscle layer, harmonises ying and wei",jiebiao,1,Cinnamomi Ramulus,
紫蘇葉,Zǐ Sū Yè,"perilla leaf - Releases the exterior, scatters cold",jiebiao,1,Perillae Folium,紫苏叶
荊芥,Jīng Jiè,"schizonepeta - Releases the exterior, dispels wind",jiebiao,1,Schizonepetae Herba,荆芥
防風,Fáng Fēng,"siler - Releases the exterior, expels wind",jiebiao,1,Saposhnikoviae Radix,防风
羌活,Qiāng Huó,"notopterygium - Releases the exterior, scatters cold-damp",jiebiao,1,Notopterygii Rhizoma et Radix,
白芷,Bái Zhǐ,"dahurian angelica - Dispels wind, relieves pain",jiebiao,1,Angelicae Dahuricae Radix,
生薑,Shēng Jiāng,"fresh ginger - Releases the exterior, scatters cold",jiebiao,1,Zingiberis Rhizoma Recens,生姜
薄荷,Bò Hé,"field mint - Disperses wind-heat, clears head and eyes",jiebiao,1,Menthae Haplocalycis Herba,
桑葉,Sāng Yè,mulberry leaf - Disperses wind-heat,jiebiao,1,Mori Folium,桑叶
菊花,Jú Huā,chrysanthemum flower - Disperses wind-heat,jiebiao,1,Chrysanthemi Flos,
葛根,Gé Gēn,"kudzu root - Releases the muscle layer, discharges heat",jiebiao,1,Puerariae Lobatae Radix,
柴胡,Chái Hú,"bupleurum - Harmonises shaoyang, discharges heat",jiebiao,1,Bupleuri Radix,
石膏,Shí Gāo,"gypsum - Clears heat, drains fire",qingre,1,Gypsum Fibrosum,
知母,Zhī Mǔ,"anemarrhena - Clears heat, drains fire",qingre,1,Anemarrhenae Rhizoma,
梔子,Zhī Zǐ,"gardenia fruit - Drains fire, eliminates vexation",qingre,1,Gardeniae Fructus,栀子
黃芩,Huáng Qín,"baical skullcap - Clears heat, dries dampness",qingre,1,Scutellariae Radix,黄芩
黃連,Huáng Lián,"coptis - Clears heat, dries dampness",qingre,1,Coptidis Rhizoma,黄连
黃柏,Huáng Bǎi,phellodendron bark - Clears damp-heat of the lower burner,qingre,1,Phellodendri Chinensis Cortex,黄柏
金銀花,Jīn Yín Huā,"honeysuckle flower - Clears heat, resolves toxin",qingre,1,Lonicerae Japonicae Flos,金银花
連翹,Lián Qiáo,"forsythia fruit - Clears heat, resolves toxin, dissipates clumps",qingre,1,Forsythiae Fructus,连翘
生地黃,Shēng Dì Huáng,"rehmannia (unprocessed) - Clears heat, cools the blood",qingre,1,Rehmanniae Radix,生地黄
牡丹皮,Mǔ Dān Pí,"tree peony root bark - Clears heat, cools the blood",qingre,1,Moutan Cortex,
赤芍,Chì Sháo,"red peony root - Clears heat, cools the blood",qingre,1,Paeoniae Radix Rubra,
大黃,Dà Huáng,"rhubarb root - Drains downward, purges accumulation",xiexia,1,Rhei Radix et Rhizoma,大黄
獨活,Dú Huó,"pubescent angelica - Dispels wind-damp, relieves painful obstruction",qufengshi,1,Angelicae Pubescentis Radix,独活
藿香,Huò Xiāng,patchouli - Aromatically transforms dampness,huashi,1,Pogostemonis Herba,
蒼朮,Cāng Zhú,"black atractylodes - Dries dampness, fortifies the spleen",huashi,1,Atractylodis Rhizoma,苍术
厚朴,Hòu Pò,"magnolia bark - Moves qi, transforms damp, disperses fullness",huashi,1,Magnoliae Officinalis Cortex,
茯苓,Fú Líng,"poria sclerotium - Promotes urination, percolates dampness",lishui,1,Poria,
澤瀉,Zé Xiè,"alisma rhizome - Promotes urination, drains dampness",lishui,1,Alismatis Rhizoma,泽泻
薏苡仁,Yì Yǐ Rén,"coix seed - Promotes urination, fortifies the spleen",lishui,1,Coicis Semen,
附子,Fù Zǐ,prepared aconite - Rescues devastated yang,wenli,1,Aconiti Lateralis Radix Praeparata,
乾薑,Gān Jiāng,"dried ginger - Warms the middle, scatters cold",wenli,1,Zingiberis Rhizoma,干姜
肉桂,Ròu Guì,"cinnamon bark - Tonifies fire, assists yang",wenli,1,Cinnamomi Cortex,
陳皮,Chén Pí,"aged tangerine peel - Moves qi, harmonises the middle",liqi,1,Citri Reticulatae Pericarpium,陈皮
枳實,Zhǐ Shí,"immature bitter orange - Breaks qi, disperses clumped accumulation",liqi,1,Aurantii Fructus Immaturus,枳实
香附,Xiāng Fù,"cyperus rhizome - Soothes the liver, moves qi",liqi,1,Cyperi Rhizoma,
山楂,Shān Zhā,hawthorn fruit - Reduces food stagnation,xiaoshi,1,Crataegi Fructus,
三七,Sān Qī,notoginseng - Stops bleeding without retaining stasis,zhixue,1,Notoginseng Radix et Rhizoma,
川芎,Chuān Xiōng,"Sichuan lovage - Invigorates blood, moves qi",huoxue,1,Chuanxiong Rhizoma,
延胡索,Yán Hú Suǒ,"corydalis - Invigorates blood, moves qi, relieves pain",huoxue,1,Corydalis Rhizoma,
丹參,Dān Shēn,"red sage root - Invigorates blood, dispels stasis, regulates menses",huoxue,1,Salviae Miltiorrhizae Radix et Rhizoma,丹参
紅花,Hóng Huā,"safflower - Invigorates blood, unblocks menses, dispels stasis, relieves pain",huoxue,1,Carthami Flos,红花
桃仁,Táo Rén,"peach kernel - Invigorates blood, dispels stasis",huoxue,1,Persicae Semen,
半夏,Bàn Xià,"prepared pinellia - Dries dampness, transforms phlegm",huatan,1,Pinelliae Rhizoma Praeparatum,
桔梗,Jié Gěng,"platycodon root - Opens and disseminates lung qi, expels phlegm",huatan,1,Platycodonis Radix,
瓜蔞,Guā Lóu,"trichosanthes fruit - Clears heat, transforms phlegm",huatan,1,Trichosanthis Fructus,瓜蒌
川貝母,Chuān Bèi Mǔ,"Sichuan fritillary bulb - Transforms phlegm, moistens the lung, stops cough",huatan,1,Fritillariae Cirrhosae Bulbus,川贝母
苦杏仁,Xìng Rén,"bitter apricot kernel - Stops cough, calms wheezing",huatan,1,Armeniacae Semen Amarum,
酸棗仁,Suān Zǎo Rén,"sour jujube seed - Nourishes heart and liver, calms the spirit",anshen,1,Ziziphi Spinosae Semen,酸枣仁
龍骨,Lóng Gǔ,fossilised bone - Heavily settles and calms the spirit,anshen,1,Fossilia Ossis Mastodi,龙骨
牡蠣,Mǔ Lì,oyster shell - Settles and calms the spirit,pinggan,1,Ostreae Concha,牡蛎
鉤藤,Gōu Téng,"uncaria hooks - Extinguishes wind, stops spasm",pinggan,1,Uncariae Ramulus cum Uncis,钩藤
天麻,Tiān Má,"gastrodia - Extinguishes wind, stops spasm",pinggan,1,Gastrodiae Rhizoma,
五味子,Wǔ Wèi Zǐ,"schisandra - Constrains lung leakage, stops cough",shoushe,1,Schisandrae Chinensis Fructus,
山茱萸,Shān Zhū Yú,cornelian cherry - Tonifies liver and kidney,shoushe,1,Corni Fructus,
人參,Rén Shēn,ginseng - Powerfully tonifies original qi,buxu,1,Ginseng Radix et Rhizoma,人参
黨參,Dǎng Shēn,"codonopsis - Tonifies middle qi, fortifies spleen and lung",buxu,1,Codonopsis Radix,党参
黃耆,Huáng Qí,"astragalus - Tonifies qi, raises yang",buxu,1,Astragali Radix,黄耆
白朮,Bái Zhú,"white atractylodes - Tonifies spleen qi, dries dampness",buxu,1,Atractylodis Macrocephalae Rhizoma,白术
山藥,Shān Yào,"Chinese yam - Tonifies spleen, lung and kidney qi and yin",buxu,1,Dioscoreae Rhizoma,山药
甘草,Gān Cǎo,"licorice root - Tonifies spleen, augments qi",buxu,1,Glycyrrhizae Radix et Rhizoma,
當歸,Dāng Guī,Chinese angelica - Tonifies the blood,buxu,1,Angelicae Sinensis Radix,当归
熟地黃,Shú Dì Huáng,prepared rehmannia - Nourishes the blood,buxu,1,Rehmanniae Radix Praeparata,熟地黄
白芍,Bái Sháo,"white peony root - Nourishes blood, restrains yin, regulates menses",buxu,1,Paeoniae Radix Alba,
麥門冬,Mài Mén Dōng,"ophiopogon tuber - Nourishes lung and stomach yin, generates fluids",buxu,1,Ophiopogonis Radix,麦门冬
枸杞子,Gǒu Qǐ Zǐ,goji fruit - Nourishes liver and kidney yin and essence,buxu,1,Lycii Fructus,
細辛,Xì Xīn,"asarum - Scatters cold, relieves pain",jiebiao,2,Asari Radix et Rhizoma,细辛
牛蒡子,Niú Bàng Zǐ,"burdock fruit - Disperses wind-heat, benefits the throat",jiebiao,2,Arctii Fructus,
蟬蛻,Chán Tuì,"cicada moulting - Disperses wind-heat, benefits throat and voice",jiebiao,2,Cicadae Periostracum,蝉蜕
升麻,Shēng Má,"cimicifuga - Vents rashes, resolves fire toxin",jiebiao,2,Cimicifugae Rhizoma,
夏枯草,Xià Kū Cǎo,"selfheal spike - Clears the liver, brightens the eyes",qingre,2,Prunellae Spica,
龍膽,Lóng Dǎn Cǎo,Chinese gentian - Clears damp-heat of liver and gallbladder,qingre,2,Gentianae Radix et Rhizoma,龙胆
蒲公英,Pú Gōng Yīng,"dandelion - Clears heat, resolves toxin, dissipates clumps",qingre,2,Taraxaci Herba,
板藍根,Bǎn Lán Gēn,"isatis root - Clears heat, resolves toxin, cools blood, benefits the throat",qingre,2,Isatidis Radix,板蓝根
玄參,Xuán Shēn,"figwort root - Clears heat, cools the blood",qingre,2,Scrophulariae Radix,玄参
青蒿,Qīng Hāo,"sweet wormwood - Clears deficiency heat, vents lurking heat",qingre,2,Artemisiae Annuae Herba,
地骨皮,Dì Gǔ Pí,"lycium root bark - Cools the blood, clears steaming",qingre,2,Lycii Cortex,
芒硝,Máng Xiāo,"mirabilite - Softens hardness, moistens dryness, purges downward",xiexia,2,Natrii Sulfas,
火麻仁,Huǒ Má Rén,"hemp seed - Moistens the intestines, unblocks the bowels",xiexia,2,Cannabis Semen,
威靈仙,Wēi Líng Xiān,"clematis root - Dispels wind-damp, unblocks channels, relieves pain",qufengshi,2,Clematidis Radix et Rhizoma,威灵仙
木瓜,Mù Guā,"Chinese quince - Relaxes the sinews, unblocks the collaterals",qufengshi,2,Chaenomelis Fructus,
秦艽,Qín Jiāo,"large-leaf gentian - Dispels wind-damp, soothes the sinews",qufengshi,2,Gentianae Macrophyllae Radix,
桑寄生,Sāng Jì Shēng,"mulberry mistletoe - Dispels wind-damp, tonifies liver and kidney, strengthens sinew and bone",qufengshi,2,Taxilli Herba,
砂仁,Shā Rén,"amomum fruit - Transforms damp, moves qi",huashi,2,Amomi Fructus,
豬苓,Zhū Líng,"polyporus sclerotium - Promotes urination, percolates dampness",lishui,2,Polyporus,猪苓
車前子,Chē Qián Zǐ,"plantago seed - Promotes urination, unblocks lin",lishui,2,Plantaginis Semen,车前子
茵陳,Yīn Chén Hāo,"virgate wormwood - Clears damp-heat, retreats jaundice",lishui,2,Artemisiae Scopariae Herba,茵陈
吳茱萸,Wú Zhū Yú,"evodia fruit - Warms the liver channel, scatters cold, relieves pain",wenli,2,Euodiae Fructus,吴茱萸
青皮,Qīng Pí,"green tangerine peel - Breaks qi stagnation, soothes the liver",liqi,2,Citri Reticulatae Pericarpium Viride,
木香,Mù Xiāng,"costus root - Moves qi, relieves pain",liqi,2,Aucklandiae Radix,
麥芽,Mài Yá,"sprouted barley - Reduces food stagnation, harmonises the middle",xiaoshi,2,Hordei Fructus Germinatus,麦芽
萊菔子,Lái Fú Zǐ,"radish seed - Reduces food stagnation, disperses distension",xiaoshi,2,Raphani Semen,莱菔子
雞內金,Jī Nèi Jīn,chicken gizzard lining - Powerfully reduces food stagnation,xiaoshi,2,Galli Gigerii Endothelium Corneum,鸡内金
艾葉,Ài Yè,"mugwort leaf - Warms the channels, stops bleeding",zhixue,2,Artemisiae Argyi Folium,艾叶
鬱金,Yù Jīn,"curcuma tuber - Invigorates blood, moves qi, relieves constraint",huoxue,2,Curcumae Radix,郁金
益母草,Yì Mǔ Cǎo,"motherwort - Invigorates blood, regulates menses",huoxue,2,Leonuri Herba,
牛膝,Niú Xī,"achyranthes root - Invigorates blood, conducts downward",huoxue,2,Achyranthis Bidentatae Radix,
浙貝母,Zhè Bèi Mǔ,"Zhejiang fritillary bulb - Clears heat, transforms phlegm, stops cough",huatan,2,Fritillariae Thunbergii Bulbus,浙贝母
竹茹,Zhú Rú,"bamboo shavings - Clears heat, transforms phlegm",huatan,2,Bambusae Caulis in Taenias,
桑白皮,Sāng Bái Pí,"mulberry root bark - Drains the lung, calms wheezing",huatan,2,Mori Cortex,
遠志,Yuǎn Zhì,"polygala root - Calms the spirit, joins heart and kidney",anshen,2,Polygalae Radix,远志
石菖蒲,Shí Chāng Pú,"sweetflag rhizome - Opens the orifices, transforms phlegm, awakens the spirit",kaiqiao,2,Acori Tatarinowii Rhizoma,
烏梅,Wū Méi,smoked plum - Astringes the lung,shoushe,2,Mume Fructus,乌梅
大棗,Dà Zǎo,Chinese date - Tonifies middle qi,buxu,2,Jujubae Fructus,大枣
杜仲,Dù Zhòng,"eucommia bark - Tonifies liver and kidney, strengthens sinew and bone",buxu,2,Eucommiae Cortex,
淫羊藿,Yín Yáng Huò,epimedium - Tonifies kidney yang,buxu,2,Epimedii Folium,
菟絲子,Tù Sī Zǐ,"dodder seed - Tonifies yang, nourishes yin, secures essence",buxu,2,Cuscutae Semen,菟丝子
北沙參,Běi Shā Shēn,"glehnia root - Nourishes lung yin, clears lung heat",buxu,2,Glehniae Radix,北沙参
百合,Bǎi Hé,"lily bulb - Nourishes yin, moistens the lung",buxu,2,Lilii Bulbus,
蘆根,Lú Gēn,"reed rhizome - Clears lung and stomach heat, generates fluids",qingre,3,Phragmitis Rhizoma,芦根
淡竹葉,Dàn Zhú Yè,"lophatherum leaf - Clears heat, eliminates vexation",qingre,3,Lophatheri Herba,淡竹叶
淡豆豉,Dàn Dòu Chǐ,fermented soybean - Gently releases the exterior,jiebiao,3,Sojae Semen Praeparatum,
西洋參,Xī Yáng Shēn,"American ginseng - Tonifies qi, nourishes yin",buxu,3,Panacis Quinquefolii Radix,西洋参
太子參,Tài Zǐ Shēn,"pseudostellaria - Tonifies spleen and lung qi, generates fluids",buxu,3,Pseudostellariae Radix,太子参
白扁豆,Bái Biǎn Dòu,"hyacinth bean - Fortifies the spleen, transforms dampness",buxu,3,Lablab Semen Album,
肉蓯蓉,Ròu Cōng Róng,"cistanche - Tonifies kidney yang, boosts essence and blood",buxu,3,Cistanches Herba,肉苁蓉
巴戟天,Bā Jǐ Tiān,"morinda root - Tonifies kidney yang, strengthens sinew and bone",buxu,3,Morindae Officinalis Radix,
補骨脂,Bǔ Gǔ Zhī,"psoralea fruit - Tonifies kidney yang, secures essence",buxu,3,Psoraleae Fructus,补骨脂
益智仁,Yì Zhì Rén,"black cardamom - Warms the kidney, secures essence and urine",buxu,3,Alpiniae Oxyphyllae Fructus,
續斷,Xù Duàn,"dipsacus root - Tonifies liver and kidney, strengthens sinew and bone",buxu,3,Dipsaci Radix,续断
何首烏,Hé Shǒu Wū,"fleeceflower root (prepared) - Tonifies liver and kidney, nourishes blood and essence",buxu,3,Polygoni Multiflori Radix Praeparata,何首乌
阿膠,Ē Jiāo,donkey-hide gelatin - Nourishes the blood,buxu,3,Asini Corii Colla,阿胶
龍眼肉,Lóng Yǎn Ròu,"longan flesh - Tonifies heart and spleen, nourishes blood, calms the spirit",buxu,3,Longan Arillus,龙眼肉
南沙參,Nán Shā Shēn,"adenophora root - Nourishes lung yin, clears lung heat, transforms phlegm",buxu,3,Adenophorae Radix,南沙参
石斛,Shí Hú,"dendrobium - Nourishes stomach yin, generates fluids",buxu,3,Dendrobii Caulis,
玉竹,Yù Zhú,"solomon's seal - Nourishes lung and stomach yin, moistens dryness",buxu,3,Polygonati Odorati Rhizoma,
黃精,Huáng Jīng,"siberian solomon's seal - Tonifies qi and nourishes yin of spleen, lung and kidney",buxu,3,Polygonati Rhizoma,黄精
女貞子,Nǚ Zhēn Zǐ,privet fruit - Tonifies liver and kidney yin,buxu,3,Ligustri Lucidi Fructus,女贞子
墨旱蓮,Mò Hàn Lián,eclipta - Nourishes liver and kidney yin,buxu,3,Ecliptae Herba,墨旱莲
龜甲,Guī Bǎn,"tortoise shell - Nourishes yin, subdues yang",buxu,3,Testudinis Carapax et Plastrum,龟甲
鱉甲,Biē Jiǎ,"soft-shelled turtle shell - Nourishes yin, subdues yang",buxu,3,Trionycis Carapax,鳖甲
乳香,Rǔ Xiāng,"frankincense - Invigorates blood, moves qi, relieves pain",huoxue,3,Olibanum,
沒藥,Mò Yào,"myrrh - Invigorates blood, dispels stasis, relieves pain",huoxue,3,Myrrha,没药
雞血藤,Jī Xuè Téng,"spatholobus vine - Invigorates and nourishes the blood, regulates menses",huoxue,3,Spatholobi Caulis,鸡血藤
三棱,Sān Léng,"sparganium - Strongly breaks blood, moves qi, relieves pain",huoxue,3,Sparganii Rhizoma,
莪朮,É Zhú,"zedoary - Breaks blood, moves qi, relieves pain",huoxue,3,Curcumae Rhizoma,莪术
澤蘭,Zé Lán,"bugleweed - Invigorates blood, regulates menses",huoxue,3,Lycopi Herba,泽兰
大薊,Dà Jì,"Japanese thistle - Cools the blood, stops bleeding",zhixue,3,Cirsii Japonici Herba,大蓟
小薊,Xiǎo Jì,"field thistle - Cools the blood, stops bleeding",zhixue,3,Cirsii Herba,小蓟
地榆,Dì Yú,"sanguisorba root - Cools the blood, stops bleeding in the lower burner",zhixue,3,Sanguisorbae Radix,
白及,Bái Jí,bletilla - Astringes bleeding,zhixue,3,Bletillae Rhizoma,
仙鶴草,Xiān Hè Cǎo,agrimony - Astringes bleeding across patterns,zhixue,3,Agrimoniae Herba,仙鹤草
白茅根,Bái Máo Gēn,"imperata rhizome - Cools the blood, stops bleeding",zhixue,3,Imperatae Rhizoma,
蒲黃,Pú Huáng,cattail pollen - Stops bleeding,zhixue,3,Typhae Pollen,蒲黄
神麴,Shén Qū,"medicated leaven - Reduces food stagnation, harmonises the stomach",xiaoshi,3,Massa Medicata Fermentata,神曲
枳殼,Zhǐ Ké,"mature bitter orange - Moves qi, broadens the chest, disperses distension",liqi,3,Aurantii Fructus,枳壳
花椒,Huā Jiāo,"Sichuan pepper - Warms the middle, scatters cold, relieves pain",wenli,3,Zanthoxyli Pericarpium,
木通,Mù Tōng,"akebia stem - Promotes urination, drains heat through the urine",lishui,3,Akebiae Caulis,
石決明,Shí Jué Míng,"abalone shell - Subdues liver yang, anchors what rises",pinggan,3,Haliotidis Concha,石决明
地龍,Dì Lóng,"earthworm - Clears heat, extinguishes wind, stops spasm",pinggan,3,Pheretima,地龙
夜交藤,Yè Jiāo Téng,"fleeceflower stem - Nourishes the heart, calms the spirit",anshen,3,Polygoni Multiflori Caulis,
白芥子,Bái Jiè Zǐ,"white mustard seed - Warms the lung, expels cold phlegm",huatan,3,Sinapis Semen,
旋覆花,Xuán Fù Huā,"inula flower - Descends qi, transforms phlegm",huatan,3,Inulae Flos,
前胡,Qián Hú,"peucedanum root - Descends qi, transforms phlegm-heat",huatan,3,Peucedani Radix,
海藻,Hǎi Zǎo,"sargassum seaweed - Transforms phlegm, softens hardness, dissipates nodules",huatan,3,Sargassum,
昆布,Kūn Bù,"kelp - Transforms phlegm, softens hardness, dissipates nodules",huatan,3,Laminariae Thallus,
紫菀,Zǐ Wǎn,"aster root - Moistens the lung, descends qi, transforms phlegm, stops cough",huatan,3,Asteris Radix et Rhizoma,
款冬花,Kuǎn Dōng Huā,"coltsfoot flower - Moistens the lung, descends qi, stops cough, transforms phlegm",huatan,3,Farfarae Flos,
枇杷葉,Pí Pá Yè,"loquat leaf - Clears the lung, descends qi, stops cough",huatan,3,Eriobotryae Folium,枇杷叶
葶藶子,Tíng Lì Zǐ,"tingli seed - Drains the lung, calms wheezing",huatan,3,Descurainiae Semen,葶苈子
百部,Bǎi Bù,"stemona root - Moistens the lung, descends qi, stops cough",huatan,3,Stemonae Radix,
天花粉,Tiān Huā Fěn,"trichosanthes root - Clears heat, generates fluids",qingre,3,Trichosanthis Radix,
苦參,Kǔ Shēn,"flavescent sophora - Clears heat, dries dampness",qingre,3,Sophorae Flavescentis Radix,苦参
秦皮,Qín Pí,"ash bark - Clears heat, dries dampness, astringes",qingre,3,Fraxini Cortex,
白頭翁,Bái Tóu Wēng,"pulsatilla root - Clears heat, resolves toxin, cools the blood, checks dysentery",qingre,3,Pulsatillae Radix,白头翁
射干,Shè Gān,"belamcanda rhizome - Clears heat, resolves toxin, benefits the throat",qingre,3,Belamcandae Rhizoma,
決明子,Jué Míng Zǐ,"cassia seed - Clears the liver, brightens the eyes",qingre,3,Cassiae Semen,决明子
紫草,Zǐ Cǎo,"arnebia / gromwell root - Cools and invigorates the blood, resolves toxin, vents rashes",qingre,3,Arnebiae Radix,
土茯苓,Tǔ Fú Líng,"glabrous greenbrier rhizome - Resolves toxin, dispels dampness",qingre,3,Smilacis Glabrae Rhizoma,
蒼耳子,Cāng Ěr Zǐ,"xanthium fruit - Dispels wind, unblocks the nose, relieves pain",jiebiao,3,Xanthii Fructus,苍耳子
辛夷,Xīn Yí,"magnolia flower - Dispels wind-cold, unblocks the nose",jiebiao,3,Magnoliae Flos,
蔓荊子,Màn Jīng Zǐ,"vitex fruit - Disperses wind-heat, clears the head and eyes",jiebiao,3,Viticis Fructus,蔓荆子
郁李仁,Yù Lǐ Rén,"bush cherry pit - Moistens the intestines, unblocks the bowels",xiexia,3,Pruni Semen,
番瀉葉,Fān Xiè Yè,"senna leaf - Purges heat, drives out accumulation, unblocks the bowels",xiexia,3,Sennae Folium,番泻叶
冰片,Bīng Piàn,"borneol - Opens the orifices, awakens the spirit",kaiqiao,3,Borneolum Syntheticum,
佩蘭,Pèi Lán,"eupatorium - Aromatically transforms dampness, awakens the spleen",huashi,3,Eupatorii Herba,佩兰
白豆蔻,Bái Dòu Kòu,"round cardamom - Transforms dampness, moves qi, warms the middle",huashi,3,Amomi Fructus Rotundus,
草果,Cǎo Guǒ,"tsaoko fruit - Dries dampness, warms the middle",huashi,3,Tsaoko Fructus,
滑石,Huá Shí,"talc - Promotes urination, clears damp-heat",lishui,3,Talcum,
金錢草,Jīn Qián Cǎo,"lysimachia - Clears damp-heat, expels stones",lishui,3,Lysimachiae Herba,金钱草
石韋,Shí Wéi,"pyrrosia leaf - Promotes urination, unblocks lin, stops bleeding",lishui,3,Pyrrosiae Folium,石韦
燈心草,Dēng Xīn Cǎo,"juncus / rush pith - Promotes urination, drains heart heat",lishui,3,Junci Medulla,灯心草
川烏,Chuān Wū,"prepared aconite main root - Dispels wind-damp, scatters cold, relieves severe pain",qufengshi,3,Aconiti Radix Praeparata,川乌
五加皮,Wǔ Jiā Pí,"acanthopanax bark - Dispels wind-damp, strengthens sinew and bone",qufengshi,3,Acanthopanacis Cortex,
蠶砂,Cán Shā,"silkworm droppings - Dispels wind-damp, harmonises the middle, transforms turbidity",qufengshi,3,Bombycis Faeces,蚕砂
高良薑,Gāo Liáng Jiāng,"galangal - Warms the stomach, scatters cold, relieves pain",wenli,3,Alpiniae Officinarum Rhizoma,高良姜
丁香,Dīng Xiāng,"clove - Warms the middle, descends rebellion",wenli,3,Caryophylli Flos,
小茴香,Xiǎo Huí Xiāng,"fennel fruit - Warms the liver and kidney, scatters cold, relieves pain",wenli,3,Foeniculi Fructus,
沉香,Chén Xiāng,"aquilaria wood - Moves qi, relieves pain, descends rebellion",liqi,3,Aquilariae Lignum Resinatum,
川楝子,Chuān Liàn Zǐ,"toosendan fruit - Moves qi, relieves pain, clears liver heat",liqi,3,Toosendan Fructus,
大腹皮,Dà Fù Pí,"areca husk - Moves qi, reduces distension",liqi,3,Arecae Pericarpium,
佛手,Fó Shǒu,"buddha's hand citron - Soothes the liver, moves qi, harmonises the stomach",liqi,3,Citri Sarcodactylis Fructus,
全蠍,Quán Xiē,"scorpion - Extinguishes wind, stops spasm",pinggan,3,Scorpio,全蝎
蜈蚣,Wú Gōng,"centipede - Extinguishes wind, stops spasm",pinggan,3,Scolopendra,
僵蠶,Jiāng Cán,"stiff silkworm - Extinguishes wind, stops spasm",pinggan,3,Bombyx Batryticatus,僵蚕
刺蒺藜,Cì Jí Lí,"tribulus fruit - Calms the liver, subdues yang",pinggan,3,Tribuli Fructus,
磁石,Cí Shí,"magnetite - Heavily settles the spirit, calms fright",anshen,3,Magnetitum,
合歡皮,Hé Huān Pí,"albizia bark - Calms the spirit, relieves constraint",anshen,3,Albiziae Cortex,合欢皮
柏子仁,Bǎi Zǐ Rén,"arborvitae seed - Nourishes the heart, calms the spirit",anshen,3,Platycladi Semen,
浮小麥,Fú Xiǎo Mài,light wheat grain - Stops sweating,shoushe,3,Tritici Fructus Levis,浮小麦
麻黃根,Má Huáng Gēn,ephedra root - Astringes and stops sweating,shoushe,3,Ephedrae Radix et Rhizoma,麻黄根
赤石脂,Chì Shí Zhī,"halloysite / red clay - Binds the intestines, stops chronic diarrhoea",shoushe,3,Halloysitum Rubrum,
肉豆蔻,Ròu Dòu Kòu,"nutmeg - Binds the intestines, stops diarrhoea",shoushe,3,Myristicae Semen,
金櫻子,Jīn Yīng Zǐ,"cherokee rose hip - Secures essence, stems urinary leakage",shoushe,3,Rosae Laevigatae Fructus,金樱子
芡實,Qiàn Shí,"euryale seed - Fortifies the spleen, stops diarrhoea",shoushe,3,Euryales Semen,芡实
五倍子,Wǔ Bèi Zǐ,"chinese gallnut - Astringes the lung, stops cough and sweat",shoushe,3,Galla Chinensis,
穀芽,Gǔ Yá,"sprouted millet - Reduces food stagnation, harmonises the middle, awakens the appetite",xiaoshi,3,Setariae Fructus Germinatus,谷芽
使君子,Shǐ Jūn Zǐ,"quisqualis fruit - Kills worms, reduces childhood accumulation",quchong,3,Quisqualis Fructus,
蓮子,Lián Zǐ,"lotus seed - Fortifies the spleen, stops diarrhoea",shoushe,3,Nelumbinis Semen,莲子
五靈脂,Wǔ Líng Zhī,"flying squirrel faeces - Invigorates blood, dispels stasis, relieves pain",huoxue,3,Trogopteri Faeces,五灵脂
膽南星,Dǎn Nán Xīng,"bile-processed arisaema - Clears heat, transforms stubborn phlegm",huatan,3,Arisaema cum Bile,胆南星
檳榔,Bīng Láng,"areca nut - Kills worms, drives out accumulation",quchong,3,Arecae Semen,槟榔
瞿麥,Qú Mài,"dianthus - Promotes urination, unblocks lin",lishui,3,Dianthi Herba,瞿麦
萹蓄,Biǎn Xù,"knotweed - Promotes urination, clears damp-heat, unblocks lin",lishui,3,Polygoni Avicularis Herba,
通草,Tōng Cǎo,"rice-paper plant pith - Promotes urination, drains damp-heat",lishui,3,Tetrapanacis Medulla,
