"Chinese","Pinyin","English","Tag"
"老板娘","lǎo bǎn niáng","the female owner of a shop / the boss lady",""
"新鲜","xīn xiān","fresh (usually for food), new / novel",""
"本地","běn dì","local / native / in this area",""
"礼拜","lǐ bài","week","Malaysia"
"礼拜天","lǐ bài tiān","Sunday","Malaysia"
"起来","qǐ lái","to get up / to wake up; (after a verb) upward, or starting to: 看起来 = it looks like",""
"这么","zhè me","so much / this much",""
"早","zǎo","early / morning",""
"干嘛","gàn má","what are you doing? / whatever for?",""
"酱","jiàng","like this / so (Malaysian; = 这样 / 这么)","Malaysia"
"做","zuò","to do / to make",""
"汤","tāng","soup",""
"就","jiù","then / right away / as early as (happening sooner than expected)",""
"不会","bú huì","can't / won't / don't know how",""
"苦","kǔ","bitter / hardship",""
"我","wǒ","I / me",""
"都","dōu","all / both",""
"不","bù","not / no",""
"懂","dǒng","to understand / to comprehend",""
"她","tā","she",""
"拍","pāi","to pat / to clap / to film / to take (photos)",""
"什么","shén me","what? / something","Malaysia"
"以后","yǐ hòu","after / later / in the future",""
"想","xiǎng","to want to / to think / to miss","Malaysia"
"去","qù","to go",""
"旅行","lǚ xíng","travel / trip",""
"如果","rú guǒ","if / in case",""
"你","nǐ","you",""
"有","yǒu","to have / there is / there are",""
"时间","shí jiān","time",""
"的话","de huà","if (coming after a conditional clause)",""
"来","lái","to come",""
"家","jiā","home / family",""
"玩","wán","to play / to have fun",""
"吧","ba","(particle) let's… / …right? (suggestion or seeking agreement)",""
"一定要","yí dìng yào","must / have to / definitely need to",""
"记得","jì de","to remember",""
"带","dài","to bring / to take along",""
"雨伞","yǔ sǎn","umbrella",""
"恭喜发财","gōng xǐ fā cái","Wishing you wealth!",""
"比较","bǐ jiào","to compare / to contrast",""
"高","gāo","high / tall",""
"才","cái","emphasizes action happened later than expected / just / only / later than expected",""
"为什么","wèi shén me","why? / for what reason?",""
"现在","xiàn zài","now / at present","Malaysia"
"起床","qǐ chuáng","to get out of bed / to get up",""
"完","wán","finished / completed (focus on completion)",""
"饭","fàn","cooked rice / meal",""
"了","le","(particle) completed action or change of state (Malaysian: often said 'liao')","Malaysia"
"他","tā","he / him",""
"十","shí","ten / 10",""
"点","diǎn","o'clock / dot / a little",""
"到","dào","to / until / up to / from...to...",""
"学校","xué xiào","school",""
"六","liù","six / 6",""
"八","bā","eight / 8",""
"一","yī","one / 1",""
"个","gè","(general measure word) / individual",""
"字","zì","character / word; (Malaysian, on the clock) a five-minute unit: 八点三个字 = 8:15","Malaysia"
"七","qī","seven / 7",""
"九","jiǔ","nine / 9",""
"出","chū","to go out / to come out; (Malaysian, after a clock time) a little past: 七点九个字出","Malaysia"
"我们","wǒ men","we / us","Malaysia"
"三","sān","three / 3",""
"见面","jiàn miàn","to meet / to see each other",""
"今天","jīn tiān","today / at the present",""
"几点","jǐ diǎn","what time? / when?",""
"过后","guò hòu","after / afterwards",""
"做么","zomok","why / how come (Malaysian; = 怎么)","Malaysia"
"打电话","dǎ diàn huà","to make a telephone call",""
"给","gěi","to give / for / to",""
"迟","chí","late",""
"是","shì","to be / is / yes",""
"哪里","nǎ lǐ","where? / somewhere",""
"人","rén","person / people",""
"庆祝","qìng zhù","to celebrate",""
"已经","yǐ jīng","already",""
"年","nián","year",""
"没有","méi yǒu","don't have / there isn't / haven't (done)",""
"回家","huí jiā","to return home",""
"过年","guò nián","to celebrate the Chinese New Year",""
"放鞭炮","fàng biān pào","set off firecrackers",""
"每天","měi tiān","every day / everyday",""
"左右","zuǒ yòu","approximately / about (after a number) / left and right",""
"睡觉","shuì jiào","to go to bed / to sleep",""
"等下","děng xià","in a moment / later","Malaysia"
"的","de","(particle) of / 's / (marks a description)",""
"时候","shí hou","time / length of time",""
"跟","gēn","with / and / to follow",""
"讲","jiǎng","to speak / to explain",""
"难得","nán dé","rare / hard to come by / seldom",""
"两","liǎng","two (before a measure word) / both",""
"回来","huí lai","to return / to come back",""
"一次","yí cì","once / one time",""
"次","cì","time / occurrence (measure word)",""
"爸爸","bà ba","(informal) father","Malaysia"
"妈妈","mā ma","mama / mommy",""
"几","jǐ","how many / a few",""
"做工","zuò gōng","to work / go to work (Malaysian; = 上班)","Malaysia"
"在","zài","at / in / (before a verb) in the middle of doing",""
"附近","fù jìn","(in the) vicinity / nearby",""
"过来","guò lái","come over (toward speaker) / come over here (towards the speaker)",""
"过去","guò qù","go over (away from speaker) / go over there (away from the speaker)",""
"整天","zhěng tiān","all day / the whole day / always (Malaysian Chinese usage)","Malaysia"
"那边","nà bian","over there / yonder",""
"手机","shǒu jī","cell phone / mobile phone",""
"咕噜肉","gū lū ròu","sweet and sour pork",""
"燕麦粥","yàn mài zhōu","oatmeal / oat porridge",""
"麦片","mài piàn","cereal / oats",""
"姜","jiāng","ginger",""
"多","duō","many / much / (after a number) and a bit more: 九点多 = a little past nine",""
"顾客","gù kè","customer / client",""
"开始","kāi shǐ","to start / to begin",""
"帮","bāng","to help / to assist",""
"一下","yí xià","(after a verb) briefly / a bit / once","Malaysia"
"打包","dǎ bāo","to wrap / to pack",""
"吃","chī","to eat",""
"看","kàn","to look / to see / to watch / to read","Malaysia"
"戏","xì","show / movie / drama",""
"功课","gōng kè","homework / assignment","Malaysia"
"吃饭","chī fàn","to have a meal / to eat",""
"还","hái","still / also / yet",""
"要","yào","to want / to need / will (for intentions and plans)",""
"整个","zhěng gè","whole / entire",""
"月","yuè","month / moon",""
"这","zhè","this / these",""
"下雨","xià yǔ","to rain",""
"休息","xiū xi","rest / to rest",""
"能","néng","can / to be able to",""
"期待","qī dài","to look forward to / to anticipate",""
"妈咪","mā mi","mommy (loanword)",""
"整","zhěng","whole / entire / exactly",""
"最","zuì","most / the most",""
"就是","jiù shì","exactly / precisely / that is",""
"等","děng","to wait / and so on",""
"中医师","zhōng yī shī","traditional Chinese medicine doctor / practitioner",""
"学习","xué xí","to learn / to study",""
"盘","pán","plate / dish",""
"碟","dié","dish / plate",""
"碗","wǎn","bowl / cup",""
"粿条","guǒ tiáo","kway teow (flat rice noodles)",""
"云吞","yún tūn","wonton",""
"面","miàn","noodles / face / side",""
"大","dà","big / large",""
"还是","hái shi","or (in questions) / still",""
"小","xiǎo","small / little",""
"这里","zhè lǐ","here",""
"午餐","wǔ cān","lunch",""
"可以","kě yǐ","can / may",""
"吗","ma","(question particle for yes-no questions)",""
"早餐","zǎo cān","breakfast","Malaysia"
"英式","yīng shì","English-style / British-style",""
"和","hé","and / together with",""
"马来西亚","mǎ lái xī yà","Malaysia",""
"一样","yí yàng","same / like",""
"或者","huò zhě","or (used in statements/choices, not questions)",""
"里面","lǐ miàn","inside / interior",""
"月份","yuè fèn","month",""
"季节","jì jié","season",""
"春天","chūn tiān","spring",""
"夏天","xià tiān","summer",""
"秋天","qiū tiān","autumn / fall",""
"冬天","dōng tiān","winter",""
"现金","xiàn jīn","cash",""
"可","kě","can / may",""
"用","yòng","to use",""
"散钱","sàn qián","loose change / small coins","Malaysia"
"找","zhǎo","to look for / to find",""
"过","guò","to pass / to cross; (after a verb) have done before",""
"槟城","bīng chéng","Penang (state in Malaysia)",""
"猪肠粉","zhū cháng fěn","chee cheong fun (steamed rice noodle rolls)",""
"看起来","kàn qǐ lái","it looks like / it seems",""
"上课","shàng kè","to attend class",""
"快","kuài","fast / quick / soon (快要 = about to)",""
"进来","jìn lái","to come in",""
"出去","chū qù","to go out",""
"出来","chū lái","to come out / to appear",""
"下去","xià qù","go down there",""
"走","zǒu","to walk / to go / to leave",""
"上来","shàng lái","come up here",""
"那","nà","that / those",""
"不好意思","bù hǎo yì si","excuse me / sorry",""
"不要","bú yào","don't / don't want",""
"很","hěn","(adverb of degree) / quite",""
"好","hǎo","good / well; (after a verb) done / ready",""
"乖","guāi","obedient, well-behaved, or good (often used for children / pets) / well-behaved",""
"钱包","qián bāo","purse / wallet",""
"掉","diào","to fall / to drop",""
"也","yě","also / too",""
"会","huì","can (know how to) / will / likely to",""
"再","zài","again / then",""
"把","bǎ","(marks the object before the verb) 把书放好 = put the book away properly",""
"钱","qián","money",""
"还给","huán gěi","to return something to someone",""
"先","xiān","first / in advance",""
"谢谢","xiè xie","Thank you!",""
"东北","dōng běi","northeast",""
"部","bù","part / section",""
"而已","ér yǐ","just / only / nothing more than",""
"一点","yì diǎn","a bit / a little",""
"付款","fù kuǎn","to make a payment / to pay money",""
"怪","guài","strange / weird / odd",""
"浪费","làng fèi","to waste / wasteful",""
"还钱","huán qián","to pay back money",""
"还书","huán shū","to return a book",""
"请","qǐng","please / to invite / to treat (someone to a meal)",""
"喝茶","hē chá","to drink tea",""
"下午茶","xià wǔ chá","afternoon tea / snack",""
"晚餐","wǎn cān","dinner",""
"宵夜","xiāo yè","late-night snack / supper",""
"书","shū","book",""
"放","fàng","to put / to place / to let off","Malaysia"
"桌子","zhuō zi","table / desk",""
"上","shàng","on / above / up; (上个月) last / previous",""
"蛋糕","dàn gāo","cake",""
"迟到","chí dào","to arrive late",""
"放工","fàng gōng","finish work / get off work",""
"煮","zhǔ","to cook / to boil",""
"快要","kuài yào","almost / nearly",""
"就要","jiù yào","will / shall",""
"又","yòu","(once) again / also",""
"兴奋","xīng fèn","excited / thrilled",""
"害怕","hài pà","to be afraid / to be scared",""
"怎样","zěn yàng","how / what ... like","Malaysia"
"知道","zhī dào","to know / to become aware of",""
"本","běn","(measure word for books) / origin",""
"老师","lǎo shī","teacher",""
"推荐","tuī jiàn","to recommend / recommendation",""
"旁边","páng biān","beside / next to / side",""
"店","diàn","shop / store",""
"买","mǎi","to buy",""
"认识","rèn shi","to know / to recognize",""
"动物园","dòng wù yuán","zoo",""
"巴士","bā shì","bus (loanword)","Malaysia"
"坐","zuò","to sit / to take (a bus, plane)",""
"马拉松","mǎ lā sōng","marathon (loanword)",""
"跑","pǎo","to run",""
"放学","fàng xué","school is dismissed / finish school",""
"手表","shǒu biǎo","wristwatch",""
"刚刚","gāng gāng","just now",""
"新","xīn","new",""
"原本","yuán běn","originally",""
"折扣","zhé kòu","discount",""
"五","wǔ","five / 5",""
"巴仙","bā xiān","percent (Malaysian loanword; = 百分之)","Malaysia"
"半价","bàn jià","half price",""
"九折","jiǔ zhé","10% off / 90% of the original price",""
"自己","zì jǐ","oneself / by oneself",""
"煮饭","zhǔ fàn","to cook","Malaysia"
"拜六","bài liù","Saturday (Malaysian; = 星期六)","Malaysia"
"以前","yǐ qián","before / in the past",""
"星期","xīng qī","week",""
"好像","hǎo xiàng","as if / to seem like",""
"同事","tóng shì","colleague / co-worker",""
"一起","yì qǐ","in the same place / together","Malaysia"
"商场","shāng chǎng","shopping mall",""
"累","lèi","tired",""
"热","rè","hot / to heat up",""
"慢","màn","slow",""
"东西","dōng xi","thing / stuff","Malaysia"
"没","méi","not / have not / did not",""
"分钟","fēn zhōng","minute",""
"退车","tuì chē","to reverse a car",""
"退钱","tuì qián","to refund money",""
"退后","tuì hòu","to step back / to move backward",""
"直走","zhí zǒu","to go straight",""
"直","zhí","straight / to straighten",""
"到底","dào dǐ","finally / in the end",""
"厨房","chú fáng","kitchen",""
"浴室","yù shì","bathroom",""
"冲凉房","chōng liáng fáng","shower room (Malaysian)","Malaysia"
"厕所","cè suǒ","toilet",""
"针灸师","zhēn jiǔ shī","acupuncturist",""
"接","jiē","to pick up / to receive (e.g. pick someone up)",""
"孩子","hái zi","child",""
"那个","nà ge","that one / that thing",""
"红绿灯","hóng lǜ dēng","traffic light / traffic signal",""
"太","tài","too (much) / very",""
"久","jiǔ","a long time",""
"开灯","kāi dēng","turn on the light",""
"关灯","guān dēng","to turn off the light",""
"价钱","jià qián","price",""
"三餐","sān cān","the three daily meals",""
"之前","zhī qián","before / in the past",""
"喜欢","xǐ huan","to like / to be fond of",""
"看书","kàn shū","to read / to study",""
"运动","yùn dòng","sports / exercise / to exercise",""
"应该","yīng gāi","should / probably",""
"热身","rè shēn","to warm up (sports) / (fig.) to prepare",""
"小时候","xiǎo shí hou","in one's childhood",""
"榴莲","liú lián","durian",""
"跑步","pǎo bù","to run / to jog",""
"中学","zhōng xué","middle school",""
"喝","hē","to drink",""
"水","shuǐ","water / river",""
"继续","jì xù","to continue",""
"工作","gōng zuò","to work / job",""
"出门","chū mén","go out / leave the house",""
"咖啡店","kā fēi diàn","café / coffee shop",""
"驾车","jià chē","to drive a car","Malaysia"
"载","zài","to carry / to convey",""
"靠近","kào jìn","close to / near",""
"地铁站","dì tiě zhàn","subway station",""
"种花","zhòng huā","to plant flowers",""
"花园","huā yuán","garden",""
"工","gōng","work / job (做工 = to work)",""
"让","ràng","to let / to allow / to make (someone feel)",""
"地方","dì fang","area / place",""
"更","gèng","more (comparative)",""
"复习","fù xí","to review",""
"只","zhǐ","only / just",""
"只","zhī","(measure word for animals and birds, or one of a pair): 半只鸡 = half a chicken",""
"怡保","yí bǎo","Ipoh (city in Perak, Malaysia)",""
"他们","tā men","they",""
"前","qián","front / before / ago",""
"搬","bān","to move (house) / to carry (something heavy)",""
"回去","huí qu","to return / to go back",""
"饱","bǎo","full (after eating)",""
"开心","kāi xīn","happy",""
"忙","máng","busy",""
"做到","zuò dào","to accomplish / to achieve",""
"夜","yè","night",""
"睡","shuì","to sleep",""
"华语","huá yǔ","Chinese language","Malaysia"
"听","tīng","to listen / to hear",""
"明白","míng bai","to understand / clear",""
"大家","dà jiā","everyone","Malaysia"
"全部","quán bù","whole / entire",""
"第","dì","(prefix for ordinal numbers): 第三 = third",""
"杂音","zá yīn","background noise / static",""
"学","xué","to learn / to study",""
"常常","cháng cháng","often; frequently; regularly",""
"广东话","guǎng dōng huà","Cantonese language",""
"福建话","fú jiàn huà","Hokkien (language)",""
"日本","rì běn","Japan",""
"要看","yào kàn","it depends on ~",""
"情况","qíng kuàng","circumstances / state of affairs",""
"平时","píng shí","usually",""
"攀岩","pān yán","rock climbing / to climb a rockface",""
"罢了","bà le","only / just / that's all (= 而已)",""
"这个","zhè ge","this / this one",""
"洗衣机","xǐ yī jī","washer / washing machine",""
"洗","xǐ","to wash / to bathe",""
"衣服","yī fu","clothes",""
"干净","gān jìng","clean / neat",""
"伤心","shāng xīn","sad / heartbroken",""
"哭","kū","to cry",""
"油","yóu","oil / fat",""
"手","shǒu","hand",""
"辛苦","xīn kǔ","hard / tiring / to work hard",""
"朋友","péng you","friend",""
"从早到晚","cóng zǎo dào wǎn","from morning till night / from dawn to dusk",""
"塞车","sāi chē","traffic jam","Malaysia"
"毕业","bì yè","to graduate",""
"从","cóng","from",""
"英国","yīng guó","United Kingdom / UK / Britain",""
"找到","zhǎo dào","to find",""
"够","gòu","enough",""
"观众","guān zhòng","audience / spectators / viewers",""
"听众","tīng zhòng","audience / listeners",""
"叫菜","jiào cài","to order dishes (at a restaurant)","Malaysia"
"叫","jiào","to call / to be called / to order (food) / to tell (someone to do something)",""
"份","fèn","portion / (measure word for portions, copies, jobs)",""
"鸡","jī","fowl / chicken",""
"半","bàn","half / semi-",""
"芽菜","yá cài","bean sprouts",""
"油饭","yóu fàn","rice cooked in chicken fat / oily rice",""
"最近","zuì jìn","recently / lately",""
"背后","bèi hòu","behind / at the back",""
"粥","zhōu","congee / gruel",""
"刚才","gāng cái","just now / a moment ago",""
"家里","jiā lǐ","home",""
"不同","bù tóng","different / distinct",""
"通常","tōng cháng","usually / normally / generally",""
"面试","miàn shì","interview",""
"选","xuǎn","to choose / select",""
"早班","zǎo bān","morning shift",""
"午班","wǔ bān","afternoon shift",""
"晚班","wǎn bān","night shift",""
"资料","zī liào","information / data",""
"懒惰","lǎn duò","lazy",""
"年轻人","nián qīng rén","young people","Malaysia"
"唱","chàng","to sing",""
"基本","jī běn","basic",""
"娱乐","yú lè","entertainment",""
"基本上","jī běn shang","basically / on the whole",""
"金宝","jīn bǎo","Kampar (town in Perak)",""
"少","shǎo","few / less",""
"瓦煲","wǎ bāo","claypot",""
"鸡饭","jī fàn","chicken rice",""
"煲仔饭","bāo zǎi fàn","claypot rice",""
"听讲","tīng jiǎng","to attend a lecture / to listen to a talk",""
"出名","chū míng","famous / well-known",""
"试","shì","to test / to try",""
"砂煲","shā bāo","claypot",""
"啊","a","(particle) expressing surprise, agreement, or softening the sentence",""
"这几天","zhè jǐ tiān","these past few days",""
"刚好","gāng hǎo","just happened to",""
"空","kōng","empty (kōng); free time is kòng: 有空 = to be free",""
"事情","shì qing","matter / thing / affair",""
"改天","gǎi tiān","another day",""
"觉得","jué de","to think / to feel",""
"还好","hái hǎo","not bad / tolerable",""
"啦","la","(particle) softens or emphasises a statement (= 了 + 啊)","Malaysia"
"只是","zhǐ shì","merely / simply",""
"所以","suǒ yǐ","therefore / as a result",""
"读唇","dú chún","to read lips",""
"读书","dú shū","to read a book / to study","Malaysia"
"拜一","bài yī","Monday (Malaysian; = 星期一)","Malaysia"
"拜五","bài wǔ","Friday (Malaysian; = 星期五)","Malaysia"
"蛮","mán","quite / pretty (colloquial)","Malaysia"
"有空","yǒu kòng","to have time (to do something)",""
"钟头","zhōng tóu","hour (colloquial)",""
"路上","lù shàng","on the way",""
"车祸","chē huò","car accident",""
"约","yuē","to arrange / to make plans / to meet up",""
"看错","kàn cuò","to see wrongly",""
"巧","qiǎo","opportunely / coincidentally",""
"陪","péi","to accompany",""
"真","zhēn","really / truly",""
"对不起","duì bù qǐ","I'm sorry",""
"半路","bàn lù","halfway / on the way",""
"半夜","bàn yè","midnight",""
"盐椒","yán jiāo","salt and pepper (seasoning)",""
"四","sì","four / 4",""
"活动","huó dòng","event / activity",""
"米粉","mǐ fěn","rice noodles",""
"咖喱","gā lí","curry",""
"打","dǎ","to hit / to play (a game) / to make (a call)",""
"游戏","yóu xì","game",""
"对","duì","right / correct / towards",""
"错","cuò","mistake / wrong",""
"车","chē","car / vehicle",""
"坏","huài","bad / spoiled",""
"修","xiū","to repair / to fix",""
"以为","yǐ wéi","to think (wrong assumption)",""
"学生","xué sheng","student / schoolchild",""
"年轻","nián qīng","young",""
"早知道","zǎo zhī dào","if I had known earlier",""
"早点","zǎo diǎn","a bit earlier / breakfast",""
"后悔","hòu huǐ","regret",""
"好好","hǎo hǎo","well / carefully",""
"日文","rì wén","Japanese (language)","Malaysia"
"有点","yǒu diǎn","a little",""
"天","tiān","day / sky",""
"妹妹","mèi mei","younger sister / young woman",""
"酒","jiǔ","wine (esp. rice wine) / liquor",""
"可惜","kě xī","pity / shame",""
"件","jiàn","(measure word for clothes, matters) / item",""
"毛衣","máo yī","(wool) sweater",""
"昨天","zuó tiān","yesterday",""
"帆船","fān chuán","sailboat",""
"天气","tiān qì","weather",""
"冷","lěng","cold",""
"一直","yì zhí","always / continuously / straight ahead",""
"改变","gǎi biàn","to change / to alter",""
"浪","làng","wave / breaker",""
"七月","qī yuè","July",""
"比赛","bǐ sài","competition / match",""
"练习","liàn xí","to practice / exercise",""
"美国","měi guó","United States / USA",""
"突然","tū rán","sudden / unexpected",""
"天才","tiān cái","talent / gift",""
"看到","kàn dào","to see",""
"急事","jí shì","urgent matter / emergency",""
"问","wèn","to ask",""
"联络","lián luò","to get in touch / to contact / to keep in touch",""
"哎呀","āi yā","interjection of wonder, shock or admiration",""
"见到","jiàn dào","to see",""
"糟糕","zāo gāo","oh no / terrible / bad situation",""
"惨了","cǎn le","oh no / we're in trouble (often said 'cǎn liao')",""
"怎么办","zěn me bàn","what's to be done",""
"乱七八糟","luàn qī bā zāo","messy / in a complete mess",""
"不是","bú shì","no / is not",""
"出差","chū chāi","to go on a business trip",""
"忘记","wàng jì","to forget",""
"关","guān","to close / to turn off",""
"窗","chuāng","window",""
"风","fēng","wind",""
"可能","kě néng","might (happen) / possible",""
"窗口","chuāng kǒu","window","Malaysia"
"花瓶","huā píng","vase",""
"跌","diē","to fall",""
"碎","suì","broken into pieces / to break",""
"小心","xiǎo xīn","to be careful / to take care",""
"跌倒","diē dǎo","to fall down / to slip and fall","Malaysia"
"送","sòng","to give (as a gift) / to deliver / to see someone off",""
"生日","shēng rì","birthday",""
"礼物","lǐ wù","present / gift",""
"哎哟","āi yō","ouch / oh dear",""
"圣诞节","shèng dàn jié","Christmas",""
"空气","kōng qì","air / atmosphere",""
"电话","diàn huà","telephone / phone call",""
"电","diàn","electricity / battery power",""
"锁匙","suǒ shi","key (Malaysian; = 钥匙)","Malaysia"
"厉害","lì hai","skilled / capable",""
"抱石","bào shí","bouldering",""
"国家","guó jiā","country / nation",""
"爬","pá","to climb / to crawl",""
"上去","shàng qù","go up there",""
"偶像","ǒu xiàng","idol",""
"但是","dàn shì","but / however",""
"去年","qù nián","last year",""
"户外","hù wài","outdoor",""
"安全","ān quán","safe",""
"教练","jiào liàn","instructor / sports coach",""
"多久","duō jiǔ","how long",""
"咩","meh","sentence-final particle expressing surprise or doubt (Malaysian)","Malaysia"
"贵","guì","expensive",""
"好吃","hǎo chī","tasty / delicious",""
"难","nán","difficult / hard",""
"公里","gōng lǐ","kilometer",""
"漂亮","piào liang","pretty",""
"好看","hǎo kàn","good-looking",""
"美","měi","beautiful",""
"可爱","kě ài","cute / lovable",""
"帅","shuài","handsome",""
"酷","kù","cool",""
"聪明","cōng míng","smart / intelligent",""
"好笑","hǎo xiào","funny",""
"善良","shàn liáng","kind-hearted",""
"勤劳","qín láo","hardworking",""
"智慧","zhì huì","wisdom / knowledge",""
"岳父","yuè fù","wife's father, father-in-law",""
"岳母","yuè mǔ","wife's mother, mother-in-law",""
"哇","wa","wow",""
"还有","hái yǒu","furthermore / in addition",""
"叻","leh","sentence-final particle for emphasis or a softened 'what about...?' (Malaysian)","Malaysia"
"快点","kuài diǎn","hurry up / a bit faster",""
"乱来","luàn lái","to act recklessly / to mess around",""
"乱","luàn","messy / chaotic / randomly",""
"这样","zhè yàng","like this / this way / so",""
"劲","jìn","strength / energy; (Malaysian slang, often said 'geng') impressive / awesome","Malaysia"
"对方","duì fāng","counterpart / other person involved",""
"缘分","yuán fèn","meant-to-be connection",""
"幸运","xìng yùn","lucky",""
"暂时","zàn shí","temporarily / for now",""
"打扫","dǎ sǎo","to clean up / to clean",""
"泡","pào","to soak / brew",""
"中国","zhōng guó","China",""
"记","jì","to record / to note",""
"月头","yuè tóu","beginning of the month (Malaysian)","Malaysia"
"月中","yuè zhōng","middle of the month",""
"月尾","yuè wěi","end of the month (more common in Cantonese / Malaysia)",""
"骑","qí","to ride (a bike, a horse)",""
"脚踏车","jiǎo tà chē","bicycle / bike","Malaysia"
"一边","yì biān","one side; 一边…一边… = doing A while doing B",""
"长","cháng","long / length",""
"冲凉","chōng liáng","to take a shower (Malaysian)","Malaysia"
"有声书","yǒu shēng shū","audiobook",""
"作家","zuò jiā","writer / author",""
"海边","hǎi biān","seaside / beach",""
"离","lí","(distance) from: 离我家不远 = not far from my home",""
"远","yuǎn","far",""
"走路","zǒu lù","to walk / to go on foot",""
"涨潮","zhǎng cháo","high tide / the tide coming in",""
"退潮","tuì cháo","low tide / the tide going out",""
"下","xià","down / below; (下个月) next; (after a verb) down",""
"毛毛雨","máo mao yǔ","drizzle / light rain",""
"洗碗","xǐ wǎn","wash dishes",""
"显","xiǎn","(Malaysian slang 'sian') bored / fed up; (standard) to show / obvious","Malaysia"
"穿","chuān","to wear / to put on (clothes, shoes)",""
"裤子","kù zi","trousers / pants",""
"牛仔裤","niú zǎi kù","jeans",""
"短裤","duǎn kù","short pants / shorts",""
"裙子","qún zi","skirt",""
"袜子","wà zi","socks / stockings",""
"鞋子","xié zi","shoe",""
"拖鞋","tuō xié","slippers / sandals",""
"皮鞋","pí xié","leather shoes",""
"大衣","dà yī","overcoat / topcoat",""
"外套","wài tào","coat / jacket",""
"戴","dài","to wear / to put on (accessories, glasses, hats, watches)",""
"眼镜","yǎn jìng","spectacles / eyeglasses",""
"黑","hēi","black / dark",""
"戒指","jiè zhi","(finger) ring",""
"项链","xiàng liàn","necklace",""
"耳环","ěr huán","earring",""
"帽子","mào zi","hat / cap",""
"口罩","kǒu zhào","mask (surgical etc)",""
"手套","shǒu tào","glove / mitten",""
"牌子","pái zi","brand",""
"视力","shì lì","eyesight / vision",""
"阔","kuò","wide / broad",""
"从小","cóng xiǎo","from childhood / from a young age",""
"头","tóu","head","Malaysia"
"头发","tóu fa","hair",""
"脸","liǎn","face",""
"额头","é tóu","forehead",""
"眼睛","yǎn jing","eyes",""
"眉毛","méi mao","eyebrows",""
"睫毛","jié máo","eyelashes",""
"鼻子","bí zi","nose",""
"耳朵","ěr duo","ears",""
"嘴巴","zuǐ ba","mouth",""
"嘴唇","zuǐ chún","lips",""
"舌头","shé tou","tongue",""
"牙齿","yá chǐ","teeth",""
"下巴","xià ba","chin",""
"喉咙","hóu lóng","throat","Malaysia"
"颈项","jǐng xiàng","neck","Malaysia"
"肩膀","jiān bǎng","shoulders",""
"胸部","xiōng bù","chest",""
"背","bèi","back",""
"腰","yāo","waist / lower back",""
"肚子","dù zi","belly / stomach",""
"肚脐","dù qí","navel / belly button",""
"手臂","shǒu bì","arm","Malaysia"
"手肘","shǒu zhǒu","elbow",""
"手腕","shǒu wàn","wrist",""
"手掌","shǒu zhǎng","palm",""
"手指","shǒu zhǐ","fingers",""
"指甲","zhǐ jiǎ","fingernails",""
"屁股","pì gu","butt / buttocks",""
"臀部","tún bù","hips / buttocks / hips (medical)",""
"皮肤","pí fū","skin",""
"大腿","dà tuǐ","thigh",""
"小腿","xiǎo tuǐ","lower leg / calf",""
"膝盖","xī gài","knee",""
"脚","jiǎo","foot",""
"脚踝","jiǎo huái","ankle",""
"脚趾","jiǎo zhǐ","toes",""
"脚底","jiǎo dǐ","sole of the foot",""
"心脏","xīn zàng","heart",""
"肺","fèi","lungs",""
"胃","wèi","stomach",""
"肝","gān","liver",""
"肾脏","shèn zàng","kidneys",""
"脾胃","pí wèi","spleen and stomach (TCM concept)",""
"血","xuè","blood",""
"神经","shén jīng","nerves",""
"酸痛","suān tòng","sore and painful / sore and painful (e.g. 肌肉酸痛 = muscle soreness)",""
"麻","má","numb / numbness / numbness (e.g. 手麻 = numb hands)",""
"肿","zhǒng","swollen / swollen (e.g. 脚肿了 = the foot is swollen)",""
"僵硬","jiāng yìng","stiff / rigid",""
"紧","jǐn","tight",""
"抽筋","chōu jīn","muscle cramp / muscle cramp (e.g. 小腿抽筋 = calf cramp)",""
"刺痛","cì tòng","sharp / stabbing pain",""
"扭伤","niǔ shāng","sprain / sprain (e.g. 扭伤脚踝 = sprained ankle)",""
"扭","niǔ","to twist / to sprain",""
"头晕","tóu yūn","dizzy / dizzy (e.g. 觉得晕晕的 = feeling dizzy)",""
"好玩","hǎo wán","amusing / fun",""
"颜色","yán sè","color",""
"长城","cháng chéng","the Great Wall",""
"考试","kǎo shì","to take an exam / exam",""
"打开","dǎ kāi","to open / to turn on",""
"衣柜","yī guì","wardrobe / closet",""
"拿","ná","to take / hold",""
"开","kāi","to open / to turn on / to drive",""
"二","èr","two / 2",""
"页","yè","page",""
"走开","zǒu kāi","to leave / to walk away",""
"坐下","zuò xia","to sit down",""
"放下","fàng xià","to lay down / to put down",""
"写下","xiě xià","to write down",""
"号码","hào mǎ","number",""
"收下","shōu xià","to accept / to receive",""
"红包","hóng bāo","money wrapped in red as a gift / bonus payment",""
"中文","zhōng wén","Chinese language",""
"得","de","(particle) links a verb to its result or degree: 跑得快 = runs fast / 吃得完 = can finish",""
"好听","hǎo tīng","pleasant to hear",""
"画","huà","to draw / picture",""
"酸","suān","sour / sore (muscles)",""
"听话","tīng huà","well-behaved / obedient / to listen to advice",""
"水肿","shuǐ zhǒng","water retention",""
"胀","zhàng","bloated",""
"肿胀","zhǒng zhàng","swollen and distended",""
"耳鸣","ěr míng","ringing in the ears / tinnitus",""
"月经","yuè jīng","menstruation / period",""
"经痛","jīng tòng","menstrual / period pain",""
"失眠","shī mián","insomnia",""
"着","zháo","(after a verb) to succeed in: 睡不着 = can't fall asleep",""
"着","zhe","(particle) ongoing state or action: 门开着 = the door is open",""
"全麦","quán mài","whole wheat",""
"面包","miàn bāo","bread",""
"阴天","yīn tiān","cloudy day",""
"越来越","yuè lái yuè","more and more",""
"冷冻","lěng dòng","to freeze / frozen",""
"你们","nǐ men","you (plural)",""
"片","piàn","slice / piece (measure word)",""
"条","tiáo","(measure word for long thin things: loaves, roads, fish) / strip",""
"烤面包","kǎo miàn bāo","toast / to bake bread",""
"问题","wèn tí","question / problem",""
"常","cháng","often",""
"骨盆","gǔ pén","pelvis",""
"平衡","píng héng","balance / equilibrium",""
"女生","nǚ shēng","girl / young woman",""
"女人","nǚ rén","woman",""
"针灸","zhēn jiǔ","acupuncture",""
"滑","huá","smooth / slippery",""
"软","ruǎn","soft",""
"硬","yìng","hard",""
"左边","zuǒ bian","left / the left side",""
"怎么样","zěn me yàng","how? / how about?",""
"晕倒","yūn dǎo","to faint / to pass out",""
"第二次","dì èr cì","the second time / second",""
"严重","yán zhòng","serious / severe",""
"拇指","mǔ zhǐ","thumb",""
"骨折","gǔ zhé","fractured / broken bone",""
"半脱位","bàn tuō wèi","subluxation / partial dislocation",""
"推","tuī","to push",""
"动","dòng","to move",""
"需要","xū yào","to need",""
"楼上","lóu shàng","upstairs / upper floor",""
"发生","fā shēng","to happen / to occur",""
"后","hòu","after / behind",""
"大概","dà gài","roughly / probably",""
"点钟","diǎn zhōng","(indicating time of day) o'clock",""
"火车站","huǒ chē zhàn","train station",""
"检查","jiǎn chá","to check / to examine / inspect",""
"医生","yī shēng","doctor","Malaysia"
"马上","mǎ shàng","immediately / right away",""
"外面","wài miàn","outside / surface","Malaysia"
"院子","yuàn zi","courtyard / garden",""
"几久","jǐ jiǔ","how long? (Malaysian; = 多久)","Malaysia"
"完全","wán quán","completely / complete",""
"神经病","shén jīng bìng","crazy / insane (slang, very rude); also medical: neurological disorder",""
"怎么","zěn me","how? / what?","Malaysia"
"没什么","méi shén me","nothing / it doesn't matter",""
"咳嗽","ké sou","to cough",""
"别","bié","don't (imperative) / other",""
"抽烟","chōu yān","to smoke (a cigarette, tobacco)",""
"抽","chōu","to smoke (抽烟) / to draw out",""
"身体","shēn tǐ","the body / one's health",""
"可是","kě shì","but / however",""
"舒服","shū fu","comfortable / feeling well",""
"习惯","xí guàn","to get used to / habit",""
"药","yào","medicine",""
"医院","yī yuàn","hospital",""
"看看","kàn kan","to take a look",""
"驾","jià","to drive (Malaysian: 驾车 = drive a car / 驾摩托 = ride a motorbike)","Malaysia"
"没关系","méi guān xi","it doesn't matter",""
"技术","jì shù","technology / technique",""
"容易","róng yì","easy / likely",""
"前面","qián miàn","ahead / in front",""
"交通","jiāo tōng","transportation / traffic",""
"意外","yì wài","accident / unexpected",""
"注意","zhù yì","to take note of / to pay attention to",""
"一步登天","yí bù dēng tiān","reaching heaven in a single bound (idiom); instant success (often used negatively: don't expect it)",""
"一定","yí dìng","certainly; definitely; surely",""
"肯定","kěn dìng","definitely; sure; affirmative; to confirm",""
"票","piào","ticket",""
"毛笔","máo bǐ","writing brush",""
"写","xiě","to write",""
"肉骨茶","ròu gǔ chá","bak kut teh (herbal pork rib soup)",""
"躺","tǎng","to lie down; to recline",""
"下来","xià lái","come down here",""
"棵","kē","(measure word for trees and plants)",""
"树","shù","tree",""
"层","céng","floor / storey / layer",""
"楼","lóu","building / floor",""
"多少","duō shao","how much? / how many?",""
"小时","xiǎo shí","hour",""
"电视","diàn shì","television / TV",""
"病","bìng","illness / disease",""
"住","zhù","to live / to dwell",""
"教","jiāo","to teach",""
"英文","yīng wén","English (language)",""
"练","liàn","to practice / to train",""
"太极拳","tài jí quán","tai chi (taijiquan)",""
"暖天","nuǎn tiān","warm weather / a warm day",""
"凉天","liáng tiān","cool weather / a cool day",""
"像","xiàng","to resemble / to be like",""
"独木舟","dú mù zhōu","canoe",""
"室内","shì nèi","indoor",""
"挑战","tiǎo zhàn","to challenge / challenge",""
"科学","kē xué","science",""
"整理","zhěng lǐ","to organize / tidy up (make things neat and in order); used for books / files / garden / ideas",""
"收拾","shōu shi","to clean up / pack / tidy up (more general; often physical mess); used for room / table / clothes / belongings",""
"整齐","zhěng qí","neat / tidy / in order",""
"行李","xíng li","luggage",""
"房间","fáng jiān","room",""
"放心","fàng xīn","don't worry / feel at ease / to feel relieved",""
"冲","chōng","to rinse / flush / charge forward (base meaning)",""
"冲水","chōng shuǐ","to flush / to rinse with water",""
"冲浪","chōng làng","surf / surfing",""
"词典","cí diǎn","dictionary",""
"比","bǐ","than / to compare",""
"便宜","pián yi","cheap / inexpensive",""
"块","kuài","piece / lump; (money) dollar / ringgit",""
"担心","dān xīn","to worry / to be worried",""
"每","měi","each / every",""
"课","kè","class / lesson",""
"成绩","chéng jì","result / grade",""
"最好","zuì hǎo","best / had better",""
"刷牙","shuā yá","brush one's teeth",""
"放假","fàng jià","school holiday / vacation / to have a holiday",""
"飞机票","fēi jī piào","air ticket",""
"饿","è","to be hungry / hungry",""
"生气","shēng qì","angry",""
"说话","shuō huà","to speak / to say",""
"笑","xiào","to smile / laugh",""
"紧张","jǐn zhāng","nervous / tense",""
"飞机","fēi jī","airplane",""
"火车","huǒ chē","train",""
"踏脚车","tà jiǎo chē","bicycle (Malaysian; = 脚踏车)","Malaysia"
"摩托","mó tuō","motorbike",""
"公园","gōng yuán","park (for public recreation)",""
"大学","dà xué","university / college",""
"汉语","hàn yǔ","Chinese language (Malaysia: 华语 huá yǔ)","China"
"寄","jì","to send (mail / parcel)",""
"寄信","jì xìn","to send a letter",""
"包裹","bāo guǒ","parcel / package",""
"小吃","xiǎo chī","snacks / street food / snack / local food",""
"发现","fā xiàn","to discover / realize",""
"盒子","hé zi","box / case",""
"装","zhuāng","to put in / pack",""
"最后","zuì hòu","last / final",""
"风扇","fēng shàn","fan",""
"刷","shuā","to brush / to paint",""
"牙","yá","tooth",""
"被","bèi","(passive marker) by: 被偷了 = got stolen",""
"偷","tōu","to steal",""
"踏","tà","to tread / to pedal (Malaysian: 踏脚车 = to ride a bicycle)","Malaysia"
"到处","dào chù","everywhere",""
"醒","xǐng","to wake up / to be awake",""
"睡醒","shuì xǐng","to wake up (after sleeping)",""
"因为","yīn wèi","because / owing to",""
"生病","shēng bìng","to fall ill",""
"谁","shéi","who",""
"酒店","jiǔ diàn","hotel","Malaysia"
"酒吧","jiǔ bā","bar",""
"眼睡","yǎn shuì","sleepy / drowsy (Malaysian)","Malaysia"
"西瓜","xī guā","watermelon",""
"成","chéng","to become; (after a verb) as: 听成 = to mishear as",""
"差不多","chà bù duō","almost the same / similar",""
"发音","fā yīn","pronunciation",""
"白跑一趟","bái pǎo yí tàng","to make a wasted trip",""
"无聊","wú liáo","boring / bored",""
"旅游","lǚ yóu","travel / tourism",""
"风景","fēng jǐng","scenery / landscape",""
"名胜地","míng shèng dì","tourist attraction / scenic spot",""
"游客","yóu kè","tourist / visitor",""
"湖区","hú qū","the Lake District (England)",""
"名产","míng chǎn","famous local product / specialty",""
"花生糖","huā shēng táng","peanut candy",""
"香饼","xiāng bǐng","fragrant biscuit (Ipoh specialty)",""
"来得及","lái de jí","to have enough time / still in time",""
"来不及","lái bù jí","too late / not enough time",""
"顺便","shùn biàn","while you're at it / conveniently / on the way",""
"杯","bēi","cup / trophy cup",""
"牛奶","niú nǎi","milk",""
"然后","rán hòu","then / after that",""
"计划","jì huà","plan",""
"决定","jué dìng","to decide / decision",""
"办","bàn","to do / handle / process",""
"手续","shǒu xù","procedure / formalities",""
"结婚","jié hūn","to marry / to get married",""
"各","gè","each / various",""
"各种各样","gè zhǒng gè yàng","all kinds of / various",""
"里","lǐ","inside / in",""
"商店","shāng diàn","store / shop",""
"非常","fēi cháng","very / extremely",""
"有名","yǒu míng","famous",""
"城市","chéng shì","city",""
"乡下","xiāng xià","countryside / rural area",""
"郊区","jiāo qū","suburbs / outskirts of a city",""
"参观","cān guān","to visit (a place) / to visit / to tour",""
"博物馆","bó wù guǎn","museum",""
"保险","bǎo xiǎn","insurance",""
"开会","kāi huì","to have a meeting",""
"号","hào","date (day of the month) / number",""
"照顾","zhào gù","to take care of",""
"方便","fāng biàn","convenient",""
"中间","zhōng jiān","between / intermediate",""
"超市","chāo shì","supermarket",""
"不管","bù guǎn","no matter / regardless of",""
"赢","yíng","to win",""
"输","shū","to lose",""
"只有","zhǐ yǒu","only have ... / there is only ...",""
"到时候","dào shí hou","at that time / when the time comes",""
"越","yuè","the more… (越…越…) / to exceed",""
"变","biàn","to change",""
"准","zhǔn","accurate",""
"星期三","xīng qī sān","Wednesday",""
"当然","dāng rán","of course",""
"呢","ne","(particle) what about…? / and you? / (marks an ongoing situation)",""
"云顶","yún dǐng","Genting Highlands",""
"不错","bú cuò","not bad / pretty good",""
"对了","duì le","right! / oh, by the way",""
"忘","wàng","to forget / to overlook",""
"电影","diàn yǐng","movie / film",""
"百","bǎi","hundred",""
"千","qiān","thousand",""
"州","zhōu","state",""
"霹雳","pī lì","Perak (state in Malaysia)",""
"而且","ér qiě","moreover / and / in addition",""
"柔佛","róu fó","Johor (Malaysian state)","Malaysia"
"新加坡","xīn jiā pō","Singapore",""
"近","jìn","near / close",""
"卖","mài","to sell",""
"手信","shǒu xìn","souvenir gift (brought back from a trip)",""
"海鲜","hǎi xiān","seafood",""
"试试看","shì shì kàn","try it / give it a try",""
"巧克力","qiǎo kè lì","chocolate (loanword) (Malaysia: 朱古力 zhū gǔ lì)","China"
"进去","jìn qù","to go in",""
"些","xiē","some / a few (measure word)",""
"热闹","rè nao","bustling with noise and excitement / lively",""
"新山","xīn shān","Johor Bahru (city in Malaysia)",""
"听说","tīng shuō","to hear (something said) / one hears (that)",""
"出租","chū zū","to rent out / to let",""
"租","zū","to hire / to rent",""
"管理","guǎn lǐ","to manage",""
"丢","diū","to lose / to throw away","Malaysia"
"尽量","jǐn liàng","to try one's best / as much as possible",""
"箱子","xiāng zi","suitcase / box",""
"月底","yuè dǐ","end of the month",""
"轻松","qīng sōng","relaxed / easy / not stressful",""
"压力","yā lì","pressure / stress",""
"西马","xī mǎ","West Malaysia (Peninsular Malaysia)",""
"除了","chú le","besides / apart from (... also...)",""
"以外","yǐ wài","apart from / other than",""
"打算","dǎ suàn","to plan / intend",""
"照片","zhào piàn","photograph / picture",""
"新年","xīn nián","New Year",""
"晚会","wǎn huì","evening party",""
"唱歌","chàng gē","to sing a song",""
"跳舞","tiào wǔ","to dance",""
"喝酒","hē jiǔ","to drink (alcohol)",""
"一点点","yì diǎn diǎn","a little bit",""
"感冒","gǎn mào","to catch cold / (common) cold",""
"老家","lǎo jiā","native place / place of origin",""
"那里","nà li","there / that place",""
"度","dù","degree (temperature)",""
"暖和","nuǎn huo","warm / nice and warm",""
"早上","zǎo shang","morning",""
"晚上","wǎn shang","evening / night",""
"中午","zhōng wǔ","noon / midday",""
"有时候","yǒu shí hou","sometimes",""
"随身","suí shēn","(carried) on one's person / hand (luggage)",""
"免费","miǎn fèi","free / complimentary",""
"公斤","gōng jīn","kilogram (kg)",""
"违规","wéi guī","to violate rules; to break regulations",""
"排队","pái duì","to line up / to queue",""
"下班","xià bān","to finish work / to get off work",""
"火车票","huǒ chē piào","train ticket",""
"签证","qiān zhèng","visa",""
"广告","guǎng gào","advertisement / ads",""
"冰箱","bīng xiāng","refrigerator / fridge (Malaysia: 冰厨 bīng chú)","China"
"杯子","bēi zi","cup / glass",""
"凉茶","liáng chá","Chinese herb tea",""
"慢慢","màn màn","slowly",""
"错过","cuò guò","to miss (an opportunity / bus / train / event / etc.)",""
"名字","míng zi","name (of a person or thing)",""
"司机","sī jī","chauffeur / driver",""
"准时","zhǔn shí","on time / punctual",""
"确定","què dìng","definite / certain",""
"第二天","dì èr tiān","the next day",""
"傍晚","bàng wǎn","dusk / early evening (around 5:00–6:30pm)",""
"飞机场","fēi jī chǎng","airport",""
"巴士站","bā shì zhàn","bus stop",""
"午睡","wǔ shuì","to take a nap",""
"睡午觉","shuì wǔ jiào","to take a nap (more common in Malaysia)",""
"怪不得","guài bù de","no wonder / that explains it",""
"机场","jī chǎng","airport / airfield",""
"强","qiáng","strong / powerful",""
"第一次","dì yī cì","the first time",""
"欧洲","ōu zhōu","Europe",""
"迷路","mí lù","to get lost",""
"门","mén","door / gate",""
"支","zhī","(measure word for pens, sticks, songs)",""
"笔","bǐ","pen / pencil",""
"上面","shàng miàn","on top of / above-mentioned",""
"挂","guà","to hang",""
"门口","mén kǒu","doorway / gate",""
"站","zhàn","to stand / station",""
"停","tíng","to stop",""
"冰厨","bīng chú","refrigerator / fridge (Malaysian; = 冰箱)","Malaysia"
"床","chuáng","bed",""
"剩","shèng","to remain / to be left",""
"煮菜","zhǔ cài","to cook (dishes)",""
"熟悉","shú xī","to be familiar with",""
"村子","cūn zi","village",""
"乡村","xiāng cūn","countryside / rural area",""
"方言","fāng yán","dialect",""
"讲话","jiǎng huà","to speak / to give a talk",""
"段","duàn","section / passage (讲一段话 = to say a few words)",""
"话","huà","words / speech / language (福建话 = Hokkien)",""
"退休","tuì xiū","to retire / retired",""
"钥匙","yào shi","key (Malaysia: 锁匙 suǒ shi)","China"
"别人","bié ren","other people / others",""
"说","shuō","to say / to speak",""
"意大利语","yì dà lì yǔ","Italian (language)",""
"机会","jī huì","opportunity / chance",""
"有用","yǒu yòng","useful",""
"聊天","liáo tiān","to chat / to gossip",""
"视频","shì pín","video",""
"跟着","gēn zhe","to follow / to go together with someone",""
"小猫","xiǎo māo","kitten",""
"穿着","chuān zhe","to be wearing (clothes)",""
"窗户","chuāng hu","window (Malaysia: 窗口 chuāng kǒu)","China"
"墙","qiáng","wall",""
"幅","fú","(measure word for paintings and pictures)",""
"红色","hóng sè","red",""
"欢迎","huān yíng","welcome",""
"潮湿","cháo shī","humid / damp",""
"生活","shēng huó","life / to live",""
"老婆","lǎo pó","wife (colloquial)",""
"海关","hǎi guān","customs (at a border)",""
"通过","tōng guò","to pass through / to pass (an exam, an inspection)",""
"死","sǐ","to die; (after an adjective) extremely: 累死我了 = I'm exhausted",""
"痛","tòng","pain / to hurt",""
"闷","mèn","bored / depressed",""
"烦","fán","to feel vexed / to bother",""
"吓","xià","to frighten / to scare",""
"只要","zhǐ yào","if only / so long as",""
"爬山","pá shān","to climb a mountain / to mountaineer",""
"努力","nǔ lì","great effort / to strive",""
"成功","chéng gōng","success / to succeed",""
"好用","hǎo yòng","easy to use / useful",""
"终于","zhōng yú","finally / at last",""
"吉隆坡","jí lóng pō","Kuala Lumpur",""
"什么样","shén me yàng","what kind / what ... like",""
"哪","nǎ","which / where",""
"种","zhǒng","kind / type (measure word)",""
"咖啡","kā fēi","coffee",""
"请问","qǐng wèn","Excuse me, may I ask...?",""
"满","mǎn","full",""
"麻烦","má fan","inconvenient / troublesome",""
"帮帮忙","bāng bang máng","to help / to do a favor",""
"办法","bàn fǎ","way / method / solution",""
"位","wèi","(polite measure word for people) / position",""
"女","nǚ","female / woman",""
"男","nán","male / man",""
"有人","yǒu rén","someone / people",""
"退房","tuì fáng","to check out (of a hotel)",""
"帮忙","bāng máng","to help / help",""
"口渴","kǒu kě","thirsty",""
"酸种","suān zhǒng","sourdough (starter)",""
"甜点","tián diǎn","dessert",""
"脆","cuì","crispy / crunchy",""
"甜","tián","sweet",""
"皮","pí","skin / leather / peel",""
"游泳池","yóu yǒng chí","swimming pool",""
"书包","shū bāo","school bag / backpack",""
"背包","bēi bāo","backpack",""
"不见了","bú jiàn le","is gone / disappeared",""
"得到","dé dào","to get / to obtain",""
"听得懂","tīng de dǒng","can understand (spoken language)",""
"清楚","qīng chu","clear / distinct",""
"吃不下","chī bú xià","can't eat",""
"菜","cài","dish (type of food) / vegetable",""
"进","jìn","to enter / to go in",""
"椅子","yǐ zi","chair",""
"充气床","chōng qì chuáng","air mattress / inflatable bed",""
"飞","fēi","to fly",""
"罗马尼亚","luó mǎ ní yà","Romania",""
"锅","guō","pot / pan / cooking vessel",""
"平底锅","píng dǐ guō","frying pan / flat-bottomed pan / skillet",""
"凌晨","líng chén","the early hours of the morning (around midnight to dawn)",""
"楼下","lóu xià","downstairs / lower floor",""
"预定","yù dìng","to reserve / to book",""
"信用卡","xìn yòng kǎ","credit card",""
"银行","yín háng","bank",""
"汇款","huì kuǎn","to remit money / remittance",""
"接受","jiē shòu","to accept",""
"单人房","dān rén fáng","single room",""
"单身","dān shēn","single / unmarried",""
"单打","dān dǎ","singles match",""
"单程","dān chéng","one-way",""
"单程票","dān chéng piào","one-way ticket",""
"双人房","shuāng rén fáng","double room",""
"双人床","shuāng rén chuáng","double bed",""
"双城票","shuāng chéng piào","two-city ticket",""
"双打","shuāng dǎ","doubles (sports)",""
"双","shuāng","two / double",""
"间","jiān","(measure word for rooms and buildings) / between",""
"张","zhāng","(measure word for flat things: tickets, beds, tables) / to open",""
"单人床","dān rén chuáng","single bed",""
"帮助","bāng zhù","assistance / aid",""
"精神","jīng shén","energy / spirit / lively",""
"修车","xiū chē","to repair a car / bike",""
"炸","zhá","to deep-fry / to fry in oil",""
"撞","zhuàng","to knock against / to bump into",""
"小孩子","xiǎo hái zi","child",""
"弄","nòng","to do / to manage",""
"肮脏","āng zāng","dirty / filthy",""
"弄坏","nòng huài","to ruin / to spoil",""
"借","jiè","to lend / to borrow",""
"病人","bìng rén","sick person / patient",""
"摔坏","shuāi huài","to drop and break",""
"弟弟","dì di","younger brother",""
"摔破","shuāi pò","to fall and smash into pieces",""
"大风","dà fēng","strong wind / gale",""
"刮","guā","to blow (wind) / to scrape",""
"倒","dǎo","to fall over / to collapse",""
"女儿","nǚ ér","daughter",""
"咯","lo","(particle) signals something is obvious or settled (Malaysian 'lo')","Malaysia"
"下午","xià wǔ","afternoon / p.m.",""
"一些","yì xiē","some / a few",""
"水果","shuǐ guǒ","fruit",""
"修路","xiū lù","to repair a road",""
"下车","xià chē","to get off (a bus, train, car)",""
"明天","míng tiān","tomorrow",""
"见","jiàn","to see / to meet",""
"预约","yù yuē","to make an appointment (more formal)",""
"订","dìng","to book / to reserve (tables / rooms / tickets etc.)",""
"餐厅","cān tīng","dining hall / dining room",""
"订票","dìng piào","to book tickets / to issue tickets",""
"好久不见","hǎo jiǔ bú jiàn","long time no see",""
"先生","xiān sheng","Mr. / sir / husband",""
"告别","gào bié","to say goodbye / to bid farewell",""
"诶","éi","hey / eh (surprise)",""
"回国","huí guó","to return to one's home country",""
"打扰","dǎ rǎo","to disturb / to bother",""
"以来","yǐ lái","since / all along (一直以来)",""
"客气","kè qi","polite / courteous",""
"不用","bú yòng","no need / don't have to",""
"打扰了","dǎ rǎo le","Sorry to bother you.",""
"不用客气","bú yòng kè qi","you're welcome / don't mention it",""
"不用紧","bú yòng jǐn","no worries / it doesn't matter (Malaysian; = 不要紧)","Malaysia"
"感觉","gǎn jué","to feel / to become aware of",""
"真实","zhēn shí","true / real",""
"重量","zhòng liàng","weight",""
"限制","xiàn zhì","to restrict / to limit",""
"半工半读","bàn gōng bàn dú","to work and study at the same time",""
"申请","shēn qǐng","to apply for / application",""
"读","dú","to read / to study",""
"有些","yǒu xiē","some / a few",""
"趁","chèn","while / taking advantage of (an opportunity)",""
"姐姐","jiě jie","older sister",""
"向","xiàng","towards / to (a person): 向他学习 = learn from him",""
"多多","duō duō","more / a lot (多多向他学习 = learn more from him)",""
"向前","xiàng qián","forward / onward",""
"准备","zhǔn bèi","preparation / to prepare",""
"leng zai","leng zai","handsome guy (Cantonese slang)",""
"leng lui","leng lui","pretty girl (Cantonese slang)",""
"sot","sot","crazy / insane (Malaysian slang, from English 'short circuit')","Malaysia"
"Kaya Kok","kaya kok","kaya puff",""
